CREATE DATABASE  IF NOT EXISTS `recipe_planner` /*!40100 DEFAULT CHARACTER SET utf8mb4 COLLATE utf8mb4_unicode_ci */ /*!80016 DEFAULT ENCRYPTION='N' */;
USE `recipe_planner`;
-- MySQL dump 10.13  Distrib 8.0.41, for Win64 (x86_64)
--
-- Host: MySQL-8.2    Database: recipe_planner
-- ------------------------------------------------------
-- Server version	8.2.0

/*!40101 SET @OLD_CHARACTER_SET_CLIENT=@@CHARACTER_SET_CLIENT */;
/*!40101 SET @OLD_CHARACTER_SET_RESULTS=@@CHARACTER_SET_RESULTS */;
/*!40101 SET @OLD_COLLATION_CONNECTION=@@COLLATION_CONNECTION */;
/*!50503 SET NAMES utf8 */;
/*!40103 SET @OLD_TIME_ZONE=@@TIME_ZONE */;
/*!40103 SET TIME_ZONE='+00:00' */;
/*!40014 SET @OLD_UNIQUE_CHECKS=@@UNIQUE_CHECKS, UNIQUE_CHECKS=0 */;
/*!40014 SET @OLD_FOREIGN_KEY_CHECKS=@@FOREIGN_KEY_CHECKS, FOREIGN_KEY_CHECKS=0 */;
/*!40101 SET @OLD_SQL_MODE=@@SQL_MODE, SQL_MODE='NO_AUTO_VALUE_ON_ZERO' */;
/*!40111 SET @OLD_SQL_NOTES=@@SQL_NOTES, SQL_NOTES=0 */;

--
-- Table structure for table `Ingredients`
--

DROP TABLE IF EXISTS `Ingredients`;
/*!40101 SET @saved_cs_client     = @@character_set_client */;
/*!50503 SET character_set_client = utf8mb4 */;
CREATE TABLE `Ingredients` (
  `Id` int NOT NULL AUTO_INCREMENT,
  `Name` varchar(100) COLLATE utf8mb4_unicode_ci NOT NULL,
  `Category` varchar(50) COLLATE utf8mb4_unicode_ci NOT NULL,
  `StandardUnit` varchar(20) COLLATE utf8mb4_unicode_ci NOT NULL,
  `Allergens` text COLLATE utf8mb4_unicode_ci,
  PRIMARY KEY (`Id`),
  UNIQUE KEY `IX_Ingredients_Name` (`Name`)
) ENGINE=InnoDB AUTO_INCREMENT=26 DEFAULT CHARSET=utf8mb4 COLLATE=utf8mb4_unicode_ci;
/*!40101 SET character_set_client = @saved_cs_client */;

--
-- Dumping data for table `Ingredients`
--

LOCK TABLES `Ingredients` WRITE;
/*!40000 ALTER TABLE `Ingredients` DISABLE KEYS */;
INSERT INTO `Ingredients` VALUES (1,'–ö–∞—Ä—Ç–æ—Ñ–µ–ª—å','–û–≤–æ—â–∏','–∫–≥',NULL),(2,'–ú–æ—Ä–∫–æ–≤—å','–û–≤–æ—â–∏','–∫–≥',NULL),(3,'–õ—É–∫ —Ä–µ–ø—á–∞—Ç—ã–π','–û–≤–æ—â–∏','–∫–≥',NULL),(4,'–ö—É—Ä–∏–Ω–æ–µ —Ñ–∏–ª–µ','–ú—è—Å–æ','–∫–≥',NULL),(5,'–†–∏—Å','–ö—Ä—É–ø—ã','–∫–≥','–≥–ª—é—Ç–µ–Ω'),(6,'–ì–æ–≤—è–¥–∏–Ω–∞','–ú—è—Å–æ','–∫–≥',NULL),(7,'–ü–æ–º–∏–¥–æ—Ä—ã','–û–≤–æ—â–∏','–∫–≥',NULL),(8,'–û–≥—É—Ä—Ü—ã','–û–≤–æ—â–∏','–∫–≥',NULL),(9,'–Ø–π—Ü–∞','–Ø–π—Ü–∞','—à—Ç','—è–π—Ü–∞'),(10,'–ú–æ–ª–æ–∫–æ','–ú–æ–ª–æ—á–Ω—ã–µ –ø—Ä–æ–¥—É–∫—Ç—ã','–ª','–º–æ–ª–æ–∫–æ'),(11,'–ú—É–∫–∞ –ø—à–µ–Ω–∏—á–Ω–∞—è','–ë–∞–∫–∞–ª–µ—è','–∫–≥','–≥–ª—é—Ç–µ–Ω'),(12,'–°–∞—Ö–∞—Ä','–ë–∞–∫–∞–ª–µ—è','–∫–≥',NULL),(13,'–°–æ–ª—å','–ü—Ä–∏–ø—Ä–∞–≤—ã','–≥',NULL),(14,'–ü–µ—Ä–µ—Ü —á–µ—Ä–Ω—ã–π','–ü—Ä–∏–ø—Ä–∞–≤—ã','–≥',NULL),(15,'–ú–∞—Å–ª–æ —Ä–∞—Å—Ç–∏—Ç–µ–ª—å–Ω–æ–µ','–ú–∞—Å–ª–∞','–ª',NULL),(16,'–°–º–µ—Ç–∞–Ω–∞','–ú–æ–ª–æ—á–Ω—ã–µ –ø—Ä–æ–¥—É–∫—Ç—ã','–≥','–º–æ–ª–æ–∫–æ'),(17,'–ì—Ä–µ—á–∫–∞','–ö—Ä—É–ø—ã','–∫–≥',NULL),(18,'–§–∞—Ä—à –º—è—Å–Ω–æ–π','–ú—è—Å–æ','–∫–≥',NULL),(19,'–°—ã—Ä —Ç–≤–µ—Ä–¥—ã–π','–ú–æ–ª–æ—á–Ω—ã–µ –ø—Ä–æ–¥—É–∫—Ç—ã','–≥','–º–æ–ª–æ–∫–æ'),(20,'–ß–µ—Å–Ω–æ–∫','–û–≤–æ—â–∏','–≥',NULL),(21,'–£–∫—Ä–æ–ø','–ó–µ–ª–µ–Ω—å','–≥',NULL),(22,'–ü–µ—Ç—Ä—É—à–∫–∞','–ó–µ–ª–µ–Ω—å','–≥',NULL),(23,'–¢–æ–º–∞—Ç–Ω–∞—è –ø–∞—Å—Ç–∞','–°–æ—É—Å—ã','–≥',NULL),(24,'–õ–∞–≤—Ä–æ–≤—ã–π –ª–∏—Å—Ç','–ü—Ä–∏–ø—Ä–∞–≤—ã','—à—Ç',NULL),(25,'–í–æ–¥–∞','–ù–∞–ø–∏—Ç–∫–∏','–ª',NULL);
/*!40000 ALTER TABLE `Ingredients` ENABLE KEYS */;
UNLOCK TABLES;

--
-- Table structure for table `MenuMeals`
--

DROP TABLE IF EXISTS `MenuMeals`;
/*!40101 SET @saved_cs_client     = @@character_set_client */;
/*!50503 SET character_set_client = utf8mb4 */;
CREATE TABLE `MenuMeals` (
  `Id` int NOT NULL AUTO_INCREMENT,
  `MenuId` int NOT NULL,
  `RecipeId` int NOT NULL,
  `MealDate` date NOT NULL,
  `MealType` int NOT NULL,
  PRIMARY KEY (`Id`),
  KEY `MenuId` (`MenuId`),
  KEY `RecipeId` (`RecipeId`),
  CONSTRAINT `menumeals_ibfk_1` FOREIGN KEY (`MenuId`) REFERENCES `WeeklyMenus` (`Id`) ON DELETE CASCADE,
  CONSTRAINT `menumeals_ibfk_2` FOREIGN KEY (`RecipeId`) REFERENCES `Recipes` (`Id`) ON DELETE CASCADE
) ENGINE=InnoDB AUTO_INCREMENT=137 DEFAULT CHARSET=utf8mb4 COLLATE=utf8mb4_unicode_ci;
/*!40101 SET character_set_client = @saved_cs_client */;

--
-- Dumping data for table `MenuMeals`
--

LOCK TABLES `MenuMeals` WRITE;
/*!40000 ALTER TABLE `MenuMeals` DISABLE KEYS */;
INSERT INTO `MenuMeals` VALUES (74,12,1,'2025-12-25',1),(75,12,6,'2025-12-25',2),(76,12,6,'2025-12-25',3),(77,12,10,'2025-12-26',1),(78,12,8,'2025-12-26',2),(79,12,8,'2025-12-26',3),(80,12,5,'2025-12-27',1),(81,12,11,'2025-12-27',2),(82,12,1,'2025-12-27',3),(83,12,11,'2025-12-28',1),(84,12,3,'2025-12-28',2),(85,12,2,'2025-12-28',3),(86,12,4,'2025-12-29',1),(87,12,9,'2025-12-29',2),(88,12,11,'2025-12-29',3),(89,12,1,'2025-12-30',1),(90,12,7,'2025-12-30',2),(91,12,5,'2025-12-30',3),(92,12,10,'2025-12-31',1),(93,12,2,'2025-12-31',2),(94,12,7,'2025-12-31',3),(116,14,1,'2025-12-25',1),(117,14,8,'2025-12-25',2),(118,14,1,'2025-12-25',3),(119,14,10,'2025-12-26',1),(120,14,7,'2025-12-26',2),(121,14,9,'2025-12-26',3),(122,14,5,'2025-12-27',1),(123,14,9,'2025-12-27',2),(124,14,7,'2025-12-27',3),(125,14,4,'2025-12-28',1),(126,14,11,'2025-12-28',2),(127,14,2,'2025-12-28',3),(128,14,11,'2025-12-29',1),(129,14,2,'2025-12-29',2),(130,14,11,'2025-12-29',3),(131,14,1,'2025-12-30',1),(132,14,3,'2025-12-30',2),(133,14,3,'2025-12-30',3),(134,14,10,'2025-12-31',1),(135,14,6,'2025-12-31',2),(136,14,8,'2025-12-31',3);
/*!40000 ALTER TABLE `MenuMeals` ENABLE KEYS */;
UNLOCK TABLES;

--
-- Table structure for table `RecipeIngredients`
--

DROP TABLE IF EXISTS `RecipeIngredients`;
/*!40101 SET @saved_cs_client     = @@character_set_client */;
/*!50503 SET character_set_client = utf8mb4 */;
CREATE TABLE `RecipeIngredients` (
  `Id` int NOT NULL AUTO_INCREMENT,
  `RecipeId` int NOT NULL,
  `IngredientId` int NOT NULL,
  `Quantity` decimal(10,3) NOT NULL,
  `Unit` varchar(20) COLLATE utf8mb4_unicode_ci NOT NULL,
  PRIMARY KEY (`Id`),
  KEY `RecipeId` (`RecipeId`),
  KEY `IngredientId` (`IngredientId`),
  CONSTRAINT `recipeingredients_ibfk_1` FOREIGN KEY (`RecipeId`) REFERENCES `Recipes` (`Id`) ON DELETE CASCADE,
  CONSTRAINT `recipeingredients_ibfk_2` FOREIGN KEY (`IngredientId`) REFERENCES `Ingredients` (`Id`) ON DELETE CASCADE
) ENGINE=InnoDB AUTO_INCREMENT=49 DEFAULT CHARSET=utf8mb4 COLLATE=utf8mb4_unicode_ci;
/*!40101 SET character_set_client = @saved_cs_client */;

--
-- Dumping data for table `RecipeIngredients`
--

LOCK TABLES `RecipeIngredients` WRITE;
/*!40000 ALTER TABLE `RecipeIngredients` DISABLE KEYS */;
INSERT INTO `RecipeIngredients` VALUES (1,1,1,1.000,'–∫–≥'),(2,1,10,0.200,'–ª'),(3,1,12,10.000,'–≥'),(4,1,13,5.000,'–≥'),(5,2,4,0.500,'–∫–≥'),(6,2,1,0.300,'–∫–≥'),(7,2,2,0.200,'–∫–≥'),(8,2,3,0.100,'–∫–≥'),(9,2,13,10.000,'–≥'),(10,2,14,2.000,'–≥'),(11,3,1,0.800,'–∫–≥'),(12,3,3,0.200,'–∫–≥'),(13,3,15,0.050,'–ª'),(14,3,13,5.000,'–≥'),(15,4,17,0.300,'–∫–≥'),(16,4,25,0.600,'–ª'),(17,4,13,5.000,'–≥'),(18,5,9,4.000,'—à—Ç'),(19,5,10,0.100,'–ª'),(20,5,13,3.000,'–≥'),(21,5,15,20.000,'–º–ª'),(22,6,7,0.400,'–∫–≥'),(23,6,8,0.300,'–∫–≥'),(24,6,3,0.100,'–∫–≥'),(25,6,15,30.000,'–º–ª'),(26,6,13,5.000,'–≥'),(27,6,21,10.000,'–≥'),(28,7,6,0.800,'–∫–≥'),(29,7,3,0.150,'–∫–≥'),(30,7,11,0.100,'–∫–≥'),(31,7,10,0.050,'–ª'),(32,7,13,8.000,'–≥'),(33,7,14,3.000,'–≥'),(34,8,5,0.400,'–∫–≥'),(35,8,25,0.600,'–ª'),(36,8,13,5.000,'–≥'),(37,9,6,1.000,'–∫–≥'),(38,9,2,0.300,'–∫–≥'),(39,9,3,0.200,'–∫–≥'),(40,9,23,50.000,'–≥'),(41,9,24,2.000,'—à—Ç'),(42,9,13,10.000,'–≥'),(43,9,14,5.000,'–≥'),(44,10,9,6.000,'—à—Ç'),(45,10,10,0.500,'–ª'),(46,10,11,0.400,'–∫–≥'),(47,10,13,5.000,'–≥'),(48,10,12,30.000,'–≥');
/*!40000 ALTER TABLE `RecipeIngredients` ENABLE KEYS */;
UNLOCK TABLES;

--
-- Table structure for table `Recipes`
--

DROP TABLE IF EXISTS `Recipes`;
/*!40101 SET @saved_cs_client     = @@character_set_client */;
/*!50503 SET character_set_client = utf8mb4 */;
CREATE TABLE `Recipes` (
  `Id` int NOT NULL AUTO_INCREMENT,
  `Title` varchar(200) COLLATE utf8mb4_unicode_ci NOT NULL,
  `Description` varchar(1000) COLLATE utf8mb4_unicode_ci DEFAULT '',
  `Instructions` text COLLATE utf8mb4_unicode_ci,
  `PrepTime` int NOT NULL,
  `CookTime` int NOT NULL,
  `Servings` int NOT NULL,
  `Calories` decimal(10,2) NOT NULL,
  `ImageUrl` varchar(500) COLLATE utf8mb4_unicode_ci DEFAULT '',
  `Tags` text COLLATE utf8mb4_unicode_ci,
  `Allergens` text COLLATE utf8mb4_unicode_ci,
  `CuisineType` varchar(50) COLLATE utf8mb4_unicode_ci DEFAULT '',
  `Difficulty` varchar(20) COLLATE utf8mb4_unicode_ci DEFAULT '',
  `CreatedAt` datetime NOT NULL,
  `IsPublic` tinyint(1) NOT NULL DEFAULT '1',
  PRIMARY KEY (`Id`)
) ENGINE=InnoDB AUTO_INCREMENT=13 DEFAULT CHARSET=utf8mb4 COLLATE=utf8mb4_unicode_ci;
/*!40101 SET character_set_client = @saved_cs_client */;

--
-- Dumping data for table `Recipes`
--

LOCK TABLES `Recipes` WRITE;
/*!40000 ALTER TABLE `Recipes` DISABLE KEYS */;
INSERT INTO `Recipes` VALUES (1,'–ö–∞—Ä—Ç–æ—Ñ–µ–ª—å–Ω–æ–µ –ø—é—Ä–µ','–ù–µ–∂–Ω–æ–µ –∫–∞—Ä—Ç–æ—Ñ–µ–ª—å–Ω–æ–µ –ø—é—Ä–µ —Å –º–æ–ª–æ–∫–æ–º –∏ –º–∞—Å–ª–æ–º','1. –û—á–∏—Å—Ç–∏—Ç—å –∫–∞—Ä—Ç–æ—Ñ–µ–ª—å –∏ –Ω–∞—Ä–µ–∑–∞—Ç—å –∫—É–±–∏–∫–∞–º–∏\n2. –û—Ç–≤–∞—Ä–∏—Ç—å –∫–∞—Ä—Ç–æ—Ñ–µ–ª—å –≤ –ø–æ–¥—Å–æ–ª–µ–Ω–Ω–æ–π –≤–æ–¥–µ –¥–æ –≥–æ—Ç–æ–≤–Ω–æ—Å—Ç–∏\n3. –°–ª–∏—Ç—å –≤–æ–¥—É, –¥–æ–±–∞–≤–∏—Ç—å –≥–æ—Ä—è—á–µ–µ –º–æ–ª–æ–∫–æ –∏ —Å–ª–∏–≤–æ—á–Ω–æ–µ –º–∞—Å–ª–æ\n4. –†–∞–∑–º—è—Ç—å –∫–∞—Ä—Ç–æ—Ñ–µ–ª—å –¥–æ –æ–¥–Ω–æ—Ä–æ–¥–Ω–æ–π –º–∞—Å—Å—ã',15,25,4,250.50,'','breakfast,dinner,side','–º–æ–ª–æ–∫–æ','–†—É—Å—Å–∫–∞—è','–õ–µ–≥–∫–æ','2025-12-25 12:08:54',1),(2,'–ö—É—Ä–∏–Ω—ã–π —Å—É–ø','–ê—Ä–æ–º–∞—Ç–Ω—ã–π –∫—É—Ä–∏–Ω—ã–π —Å—É–ø —Å –æ–≤–æ—â–∞–º–∏','1. –ó–∞–ª–∏—Ç—å –∫—É—Ä–∏—Ü—É –≤–æ–¥–æ–π –∏ –¥–æ–≤–µ—Å—Ç–∏ –¥–æ –∫–∏–ø–µ–Ω–∏—è\n2. –î–æ–±–∞–≤–∏—Ç—å –Ω–∞—Ä–µ–∑–∞–Ω–Ω—ã–µ –æ–≤–æ—â–∏ (–∫–∞—Ä—Ç–æ—Ñ–µ–ª—å, –º–æ—Ä–∫–æ–≤—å, –ª—É–∫)\n3. –í–∞—Ä–∏—Ç—å –Ω–∞ –º–µ–¥–ª–µ–Ω–Ω–æ–º –æ–≥–Ω–µ 40 –º–∏–Ω—É—Ç\n4. –î–æ–±–∞–≤–∏—Ç—å —Å–æ–ª—å, –ø–µ—Ä–µ—Ü –∏ –∑–µ–ª–µ–Ω—å',20,50,6,180.75,'','lunch,dinner,soup','','–†—É—Å—Å–∫–∞—è','–õ–µ–≥–∫–æ','2025-12-25 12:08:54',1),(3,'–ñ–∞—Ä–µ–Ω–∞—è –∫–∞—Ä—Ç–æ—à–∫–∞','–•—Ä—É—Å—Ç—è—â–∞—è –∂–∞—Ä–µ–Ω–∞—è –∫–∞—Ä—Ç–æ—à–∫–∞ —Å –ª—É–∫–æ–º','1. –ö–∞—Ä—Ç–æ—Ñ–µ–ª—å –æ—á–∏—Å—Ç–∏—Ç—å –∏ –Ω–∞—Ä–µ–∑–∞—Ç—å –±—Ä—É—Å–æ—á–∫–∞–º–∏\n2. –†–∞–∑–æ–≥—Ä–µ—Ç—å –º–∞—Å–ª–æ –Ω–∞ —Å–∫–æ–≤–æ—Ä–æ–¥–µ\n3. –û–±–∂–∞—Ä–∏—Ç—å –∫–∞—Ä—Ç–æ—Ñ–µ–ª—å –¥–æ –∑–æ–ª–æ—Ç–∏—Å—Ç–æ–π –∫–æ—Ä–æ—á–∫–∏\n4. –î–æ–±–∞–≤–∏—Ç—å –ª—É–∫ –∏ –∂–∞—Ä–∏—Ç—å –µ—â–µ 5 –º–∏–Ω—É—Ç',10,20,3,320.00,'','lunch,dinner,side','','–†—É—Å—Å–∫–∞—è','–õ–µ–≥–∫–æ','2025-12-25 12:08:54',1),(4,'–ì—Ä–µ—á–Ω–µ–≤–∞—è –∫–∞—à–∞','–†–∞—Å—Å—ã–ø—á–∞—Ç–∞—è –≥—Ä–µ—á–Ω–µ–≤–∞—è –∫–∞—à–∞','1. –ü–µ—Ä–µ–±—Ä–∞—Ç—å –∏ –ø—Ä–æ–º—ã—Ç—å –≥—Ä–µ—á–∫—É\n2. –û–±–∂–∞—Ä–∏—Ç—å –≥—Ä–µ—á–∫—É –Ω–∞ —Å—É—Ö–æ–π —Å–∫–æ–≤–æ—Ä–æ–¥–µ 2 –º–∏–Ω—É—Ç—ã\n3. –ó–∞–ª–∏—Ç—å –≤–æ–¥–æ–π –≤ —Å–æ–æ—Ç–Ω–æ—à–µ–Ω–∏–∏ 1:2\n4. –í–∞—Ä–∏—Ç—å –ø–æ–¥ –∫—Ä—ã—à–∫–æ–π 20 –º–∏–Ω—É—Ç',5,25,2,150.25,'','breakfast,side','','–†—É—Å—Å–∫–∞—è','–õ–µ–≥–∫–æ','2025-12-25 12:08:54',1),(5,'–û–º–ª–µ—Ç','–ü—ã—à–Ω—ã–π –æ–º–ª–µ—Ç —Å –º–æ–ª–æ–∫–æ–º','1. –í–∑–±–∏—Ç—å —è–π—Ü–∞ —Å –º–æ–ª–æ–∫–æ–º –∏ —Å–æ–ª—å—é\n2. –†–∞–∑–æ–≥—Ä–µ—Ç—å –º–∞—Å–ª–æ –Ω–∞ —Å–∫–æ–≤–æ—Ä–æ–¥–µ\n3. –í—ã–ª–∏—Ç—å —è–∏—á–Ω—É—é —Å–º–µ—Å—å\n4. –ì–æ—Ç–æ–≤–∏—Ç—å –ø–æ–¥ –∫—Ä—ã—à–∫–æ–π 7-10 –º–∏–Ω—É—Ç',5,10,2,210.50,'','breakfast,dinner','—è–π—Ü–∞,–º–æ–ª–æ–∫–æ','–ï–≤—Ä–æ–ø–µ–π—Å–∫–∞—è','–õ–µ–≥–∫–æ','2025-12-25 12:08:54',1),(6,'–°–∞–ª–∞—Ç –∏–∑ —Å–≤–µ–∂–∏—Ö –æ–≤–æ—â–µ–π','–õ–µ–≥–∫–∏–π —Å–∞–ª–∞—Ç –∏–∑ –ø–æ–º–∏–¥–æ—Ä–æ–≤ –∏ –æ–≥—É—Ä—Ü–æ–≤','1. –ù–∞—Ä–µ–∑–∞—Ç—å –ø–æ–º–∏–¥–æ—Ä—ã –∏ –æ–≥—É—Ä—Ü—ã\n2. –î–æ–±–∞–≤–∏—Ç—å –º–µ–ª–∫–æ –Ω–∞—Ä–µ–∑–∞–Ω–Ω—ã–π –ª—É–∫\n3. –ó–∞–ø—Ä–∞–≤–∏—Ç—å –º–∞—Å–ª–æ–º –∏ –ø–æ—Å–æ–ª–∏—Ç—å\n4. –î–æ–±–∞–≤–∏—Ç—å –∑–µ–ª–µ–Ω—å',15,0,4,80.00,'','lunch,dinner,salad','','–°—Ä–µ–¥–∏–∑–µ–º–Ω–æ–º–æ—Ä—Å–∫–∞—è','–õ–µ–≥–∫–æ','2025-12-25 12:08:54',1),(7,'–ö–æ—Ç–ª–µ—Ç—ã –∏–∑ –≥–æ–≤—è–¥–∏–Ω—ã','–°–æ—á–Ω—ã–µ –¥–æ–º–∞—à–Ω–∏–µ –∫–æ—Ç–ª–µ—Ç—ã','1. –ü—Ä–∏–≥–æ—Ç–æ–≤–∏—Ç—å —Ñ–∞—Ä—à –∏–∑ –≥–æ–≤—è–¥–∏–Ω—ã —Å –ª—É–∫–æ–º\n2. –î–æ–±–∞–≤–∏—Ç—å —Ö–ª–µ–±, —Ä–∞–∑–º–æ—á–µ–Ω–Ω—ã–π –≤ –º–æ–ª–æ–∫–µ\n3. –°—Ñ–æ—Ä–º–∏—Ä–æ–≤–∞—Ç—å –∫–æ—Ç–ª–µ—Ç—ã\n4. –û–±–∂–∞—Ä–∏—Ç—å —Å –¥–≤—É—Ö —Å—Ç–æ—Ä–æ–Ω –¥–æ –≥–æ—Ç–æ–≤–Ω–æ—Å—Ç–∏',20,25,5,280.75,'','lunch,dinner,main','–º–æ–ª–æ–∫–æ,–≥–ª—é—Ç–µ–Ω','–†—É—Å—Å–∫–∞—è','–°—Ä–µ–¥–Ω–µ','2025-12-25 12:08:54',1),(8,'–†–∏—Å –æ—Ç–≤–∞—Ä–Ω–æ–π','–†–∞—Å—Å—ã–ø—á–∞—Ç—ã–π –æ—Ç–≤–∞—Ä–Ω–æ–π —Ä–∏—Å','1. –ü—Ä–æ–º—ã—Ç—å —Ä–∏—Å –¥–æ –ø—Ä–æ–∑—Ä–∞—á–Ω–æ–π –≤–æ–¥—ã\n2. –ó–∞–ª–∏—Ç—å –≤–æ–¥–æ–π –≤ —Å–æ–æ—Ç–Ω–æ—à–µ–Ω–∏–∏ 1:1.5\n3. –í–∞—Ä–∏—Ç—å –ø–æ–¥ –∫—Ä—ã—à–∫–æ–π 15 –º–∏–Ω—É—Ç\n4. –î–∞—Ç—å –ø–æ—Å—Ç–æ—è—Ç—å 10 –º–∏–Ω—É—Ç',5,20,4,130.00,'','lunch,dinner,side','–≥–ª—é—Ç–µ–Ω','–ê–∑–∏–∞—Ç—Å–∫–∞—è','–õ–µ–≥–∫–æ','2025-12-25 12:08:54',1),(9,'–¢—É—à–µ–Ω–∞—è –≥–æ–≤—è–¥–∏–Ω–∞','–ù–µ–∂–Ω–∞—è –≥–æ–≤—è–¥–∏–Ω–∞, —Ç—É—à–µ–Ω–Ω–∞—è —Å –æ–≤–æ—â–∞–º–∏','1. –û–±–∂–∞—Ä–∏—Ç—å –º—è—Å–æ –¥–æ —Ä—É–º—è–Ω–æ–π –∫–æ—Ä–æ—á–∫–∏\n2. –î–æ–±–∞–≤–∏—Ç—å –Ω–∞—Ä–µ–∑–∞–Ω–Ω—ã–µ –æ–≤–æ—â–∏\n3. –ó–∞–ª–∏—Ç—å –≤–æ–¥–æ–π –∏ —Ç—É—à–∏—Ç—å 1.5 —á–∞—Å–∞\n4. –î–æ–±–∞–≤–∏—Ç—å —Ç–æ–º–∞—Ç–Ω—É—é –ø–∞—Å—Ç—É –∑–∞ 15 –º–∏–Ω—É—Ç –¥–æ –≥–æ—Ç–æ–≤–Ω–æ—Å—Ç–∏',30,90,6,350.25,'','lunch,dinner,main','','–†—É—Å—Å–∫–∞—è','–°–ª–æ–∂–Ω–æ','2025-12-25 12:08:54',1),(10,'–ë–ª–∏–Ω—ã','–¢–æ–Ω–∫–∏–µ –±–ª–∏–Ω—ã –Ω–∞ –º–æ–ª–æ–∫–µ','1. –°–º–µ—à–∞—Ç—å —è–π—Ü–∞, –º–æ–ª–æ–∫–æ, –º—É–∫—É –∏ —Å–æ–ª—å\n2. –î–∞—Ç—å —Ç–µ—Å—Ç—É –ø–æ—Å—Ç–æ—è—Ç—å 30 –º–∏–Ω—É—Ç\n3. –í—ã–ø–µ–∫–∞—Ç—å –Ω–∞ —Ä–∞–∑–æ–≥—Ä–µ—Ç–æ–π —Å–∫–æ–≤–æ—Ä–æ–¥–µ\n4. –ü–æ–¥–∞–≤–∞—Ç—å —Å–æ —Å–º–µ—Ç–∞–Ω–æ–π –∏–ª–∏ –≤–∞—Ä–µ–Ω—å–µ–º',20,30,8,220.50,'','breakfast,dessert','–º–æ–ª–æ–∫–æ,—è–π—Ü–∞,–≥–ª—é—Ç–µ–Ω','–†—É—Å—Å–∫–∞—è','–°—Ä–µ–¥–Ω–µ','2025-12-25 12:08:54',1),(11,'–¢–µ—Å—Ç–æ–≤—ã–π —Ä–µ—Ü–µ–ø—Ç','–¢–µ—Å—Ç–æ–≤—ã–π —Ä–µ—Ü–µ–ø—Ç','–¢–µ—Å—Ç–æ–≤—ã–π —Ä–µ—Ü–µ–ø—Ç',10,10,10,250.00,'','breakfast,lunch,dinner','','–†—É—Å—Å–∫–∞—è','–õ–µ–≥–∫–æ','2025-12-25 07:30:40',1),(12,'–¢–µ—Å—Ç–æ–≤—ã–π —Ä–µ—Ü–µ–ø—Ç2','–¢–µ—Å—Ç–æ–≤—ã–π —Ä–µ—Ü–µ–ø—Ç2','–¢–µ—Å—Ç–æ–≤—ã–π —Ä–µ—Ü–µ–ø—Ç2',10,25,20,1200.00,'','','','','–õ–µ–≥–∫–æ','2025-12-25 08:23:49',1);
/*!40000 ALTER TABLE `Recipes` ENABLE KEYS */;
UNLOCK TABLES;

--
-- Table structure for table `ShoppingListItems`
--

DROP TABLE IF EXISTS `ShoppingListItems`;
/*!40101 SET @saved_cs_client     = @@character_set_client */;
/*!50503 SET character_set_client = utf8mb4 */;
CREATE TABLE `ShoppingListItems` (
  `Id` int NOT NULL AUTO_INCREMENT,
  `ShoppingListId` int NOT NULL,
  `IngredientId` int NOT NULL,
  `Quantity` decimal(10,3) NOT NULL,
  `Unit` varchar(20) COLLATE utf8mb4_unicode_ci NOT NULL,
  `IsPurchased` tinyint(1) NOT NULL DEFAULT '0',
  `Category` varchar(50) COLLATE utf8mb4_unicode_ci DEFAULT NULL,
  PRIMARY KEY (`Id`),
  KEY `ShoppingListId` (`ShoppingListId`),
  KEY `IngredientId` (`IngredientId`),
  CONSTRAINT `shoppinglistitems_ibfk_1` FOREIGN KEY (`ShoppingListId`) REFERENCES `ShoppingLists` (`Id`) ON DELETE CASCADE,
  CONSTRAINT `shoppinglistitems_ibfk_2` FOREIGN KEY (`IngredientId`) REFERENCES `Ingredients` (`Id`) ON DELETE CASCADE
) ENGINE=InnoDB AUTO_INCREMENT=51 DEFAULT CHARSET=utf8mb4 COLLATE=utf8mb4_unicode_ci;
/*!40101 SET character_set_client = @saved_cs_client */;

--
-- Dumping data for table `ShoppingListItems`
--

LOCK TABLES `ShoppingListItems` WRITE;
/*!40000 ALTER TABLE `ShoppingListItems` DISABLE KEYS */;
INSERT INTO `ShoppingListItems` VALUES (31,5,1,5.200,'–∫–≥',1,'–û–≤–æ—â–∏'),(32,5,10,1.800,'–ª',0,'–ú–æ–ª–æ—á–Ω—ã–µ –ø—Ä–æ–¥—É–∫—Ç—ã'),(33,5,12,90.000,'–≥',0,'–ë–∞–∫–∞–ª–µ—è'),(34,5,13,114.000,'–≥',0,'–ü—Ä–∏–ø—Ä–∞–≤—ã'),(35,5,5,0.800,'–∫–≥',0,'–ö—Ä—É–ø—ã'),(36,5,25,1.800,'–ª',0,'–ù–∞–ø–∏—Ç–∫–∏'),(37,5,9,16.000,'—à—Ç',0,'–Ø–π—Ü–∞'),(38,5,11,1.000,'–∫–≥',0,'–ë–∞–∫–∞–ª–µ—è'),(39,5,6,3.600,'–∫–≥',0,'–ú—è—Å–æ'),(40,5,3,1.400,'–∫–≥',0,'–û–≤–æ—â–∏'),(41,5,14,20.000,'–≥',0,'–ü—Ä–∏–ø—Ä–∞–≤—ã'),(42,5,2,1.000,'–∫–≥',0,'–û–≤–æ—â–∏'),(43,5,23,100.000,'–≥',0,'–°–æ—É—Å—ã'),(44,5,24,4.000,'—à—Ç',0,'–ü—Ä–∏–ø—Ä–∞–≤—ã'),(45,5,15,50.100,'–º–ª',0,'–ú–∞—Å–ª–∞'),(46,5,17,0.300,'–∫–≥',0,'–ö—Ä—É–ø—ã'),(47,5,4,1.000,'–∫–≥',0,'–ú—è—Å–æ'),(48,5,7,0.400,'–∫–≥',0,'–û–≤–æ—â–∏'),(49,5,8,0.300,'–∫–≥',0,'–û–≤–æ—â–∏'),(50,5,21,10.000,'–≥',0,'–ó–µ–ª–µ–Ω—å');
/*!40000 ALTER TABLE `ShoppingListItems` ENABLE KEYS */;
UNLOCK TABLES;

--
-- Table structure for table `ShoppingLists`
--

DROP TABLE IF EXISTS `ShoppingLists`;
/*!40101 SET @saved_cs_client     = @@character_set_client */;
/*!50503 SET character_set_client = utf8mb4 */;
CREATE TABLE `ShoppingLists` (
  `Id` int NOT NULL AUTO_INCREMENT,
  `MenuId` int NOT NULL,
  `UserId` int NOT NULL,
  `Name` varchar(200) COLLATE utf8mb4_unicode_ci NOT NULL,
  `CreatedAt` datetime NOT NULL,
  `IsCompleted` tinyint(1) NOT NULL DEFAULT '0',
  PRIMARY KEY (`Id`),
  UNIQUE KEY `IX_ShoppingLists_MenuId` (`MenuId`),
  KEY `UserId` (`UserId`),
  CONSTRAINT `shoppinglists_ibfk_1` FOREIGN KEY (`MenuId`) REFERENCES `WeeklyMenus` (`Id`) ON DELETE CASCADE,
  CONSTRAINT `shoppinglists_ibfk_2` FOREIGN KEY (`UserId`) REFERENCES `Users` (`Id`) ON DELETE CASCADE
) ENGINE=InnoDB AUTO_INCREMENT=6 DEFAULT CHARSET=utf8mb4 COLLATE=utf8mb4_unicode_ci;
/*!40101 SET character_set_client = @saved_cs_client */;

--
-- Dumping data for table `ShoppingLists`
--

LOCK TABLES `ShoppingLists` WRITE;
/*!40000 ALTER TABLE `ShoppingLists` DISABLE KEYS */;
INSERT INTO `ShoppingLists` VALUES (5,14,6,'–°–ø–∏—Å–æ–∫ –ø–æ–∫—É–ø–æ–∫ –¥–ª—è –ú–µ–Ω—é –Ω–∞ 7 –¥–Ω–µ–π','2025-12-25 08:25:31',0);
/*!40000 ALTER TABLE `ShoppingLists` ENABLE KEYS */;
UNLOCK TABLES;

--
-- Table structure for table `UserFavorites`
--

DROP TABLE IF EXISTS `UserFavorites`;
/*!40101 SET @saved_cs_client     = @@character_set_client */;
/*!50503 SET character_set_client = utf8mb4 */;
CREATE TABLE `UserFavorites` (
  `Id` int NOT NULL AUTO_INCREMENT,
  `UserId` int NOT NULL,
  `RecipeId` int NOT NULL,
  `AddedAt` datetime NOT NULL,
  PRIMARY KEY (`Id`),
  UNIQUE KEY `IX_UserFavorites_UserId_RecipeId` (`UserId`,`RecipeId`),
  KEY `RecipeId` (`RecipeId`),
  CONSTRAINT `userfavorites_ibfk_1` FOREIGN KEY (`UserId`) REFERENCES `Users` (`Id`) ON DELETE CASCADE,
  CONSTRAINT `userfavorites_ibfk_2` FOREIGN KEY (`RecipeId`) REFERENCES `Recipes` (`Id`) ON DELETE CASCADE
) ENGINE=InnoDB AUTO_INCREMENT=11 DEFAULT CHARSET=utf8mb4 COLLATE=utf8mb4_unicode_ci;
/*!40101 SET character_set_client = @saved_cs_client */;

--
-- Dumping data for table `UserFavorites`
--

LOCK TABLES `UserFavorites` WRITE;
/*!40000 ALTER TABLE `UserFavorites` DISABLE KEYS */;
INSERT INTO `UserFavorites` VALUES (8,5,11,'2025-12-25 07:31:39');
/*!40000 ALTER TABLE `UserFavorites` ENABLE KEYS */;
UNLOCK TABLES;

--
-- Table structure for table `UserInventories`
--

DROP TABLE IF EXISTS `UserInventories`;
/*!40101 SET @saved_cs_client     = @@character_set_client */;
/*!50503 SET character_set_client = utf8mb4 */;
CREATE TABLE `UserInventories` (
  `Id` int NOT NULL AUTO_INCREMENT,
  `UserId` int NOT NULL,
  `IngredientId` int NOT NULL,
  `Quantity` decimal(10,3) NOT NULL,
  `Unit` varchar(20) COLLATE utf8mb4_unicode_ci NOT NULL,
  `ExpiryDate` date DEFAULT NULL,
  `AddedAt` datetime NOT NULL,
  PRIMARY KEY (`Id`),
  UNIQUE KEY `IX_UserInventories_UserId_IngredientId` (`UserId`,`IngredientId`),
  KEY `IngredientId` (`IngredientId`),
  CONSTRAINT `userinventories_ibfk_1` FOREIGN KEY (`UserId`) REFERENCES `Users` (`Id`) ON DELETE CASCADE,
  CONSTRAINT `userinventories_ibfk_2` FOREIGN KEY (`IngredientId`) REFERENCES `Ingredients` (`Id`) ON DELETE CASCADE
) ENGINE=InnoDB AUTO_INCREMENT=14 DEFAULT CHARSET=utf8mb4 COLLATE=utf8mb4_unicode_ci;
/*!40101 SET character_set_client = @saved_cs_client */;

--
-- Dumping data for table `UserInventories`
--

LOCK TABLES `UserInventories` WRITE;
/*!40000 ALTER TABLE `UserInventories` DISABLE KEYS */;
INSERT INTO `UserInventories` VALUES (11,5,10,5.000,'–ª',NULL,'2025-12-25 07:22:51'),(13,6,10,10.000,'–ª',NULL,'2025-12-25 08:21:30');
/*!40000 ALTER TABLE `UserInventories` ENABLE KEYS */;
UNLOCK TABLES;

--
-- Table structure for table `Users`
--

DROP TABLE IF EXISTS `Users`;
/*!40101 SET @saved_cs_client     = @@character_set_client */;
/*!50503 SET character_set_client = utf8mb4 */;
CREATE TABLE `Users` (
  `Id` int NOT NULL AUTO_INCREMENT,
  `Username` varchar(50) COLLATE utf8mb4_unicode_ci NOT NULL,
  `Email` varchar(100) COLLATE utf8mb4_unicode_ci NOT NULL,
  `FullName` varchar(100) COLLATE utf8mb4_unicode_ci NOT NULL,
  `PasswordHash` longblob NOT NULL,
  `PasswordSalt` longblob NOT NULL,
  `CreatedAt` datetime NOT NULL,
  `Allergies` text COLLATE utf8mb4_unicode_ci,
  PRIMARY KEY (`Id`),
  UNIQUE KEY `IX_Users_Username` (`Username`),
  UNIQUE KEY `IX_Users_Email` (`Email`)
) ENGINE=InnoDB AUTO_INCREMENT=7 DEFAULT CHARSET=utf8mb4 COLLATE=utf8mb4_unicode_ci;
/*!40101 SET character_set_client = @saved_cs_client */;

--
-- Dumping data for table `Users`
--

LOCK TABLES `Users` WRITE;
/*!40000 ALTER TABLE `Users` DISABLE KEYS */;
INSERT INTO `Users` VALUES (5,'asd','asd@gmail.com','asd',_binary 'úOä+^7\r±±ÖéÒßQ\0h]Ç%ü˝pN~üt\Õ@V°˛&ëPP\Ë\‰ı\Îõ\Ï<Ÿ•\ \√1\‰ˆU§E',_binary '*ñªf\\\ƒ\‚úA–ø3ü$Œè˜˚QrÙ¯z\‹\„≥%\∆5èa\›PuıY{\Ó\nà\€|≠V\„\‹ï7{Ω¨\Â\ﬂQôµ\\Ægƒçik7x{\Ê\Z\"ª\”\ŸVá0.ás¶††\⁄ıO20L\"\⁄∑:î\‘\"¿\\*åp∑>ìmìú/¶C\Œswt-\ÃZ,C™à','2025-12-25 07:15:01','–ú–æ–ª–æ–∫–æ,–†—ã–±–∞'),(6,'test1','asdasd@gmail.com','asdasd',_binary 'ˆº\‚\Ó\‡•\Ó[¨wK\'Vµ\0ﬂ•¸£˜\‘\–%F6\Ì%.é®\“u\\\‹,Hõ\r\‚uÒsâ•gtN\‡˛8]pœáZ∂\ÈÖ',_binary '€õπGe\\\Ó¡™\\ì\Á\ƒ\‹G\"OìÄ\Èv9•Vûo)@1\Í;\\¨£}r\Z¥≤H\»\ÍZuHl¯4Ò\≈vø<\'£\ŸZ.\ﬂ\„\Í|à1óπº\œÖg-\ﬂ@2≤G\·≠ˆMSäwaph¢AHY\”\‡∑lIπH®`\·\Z&ú1zL\·-wl%~¶6ªº','2025-12-25 08:20:15','–Ø–π—Ü–∞,–†—ã–±–∞');
/*!40000 ALTER TABLE `Users` ENABLE KEYS */;
UNLOCK TABLES;

--
-- Table structure for table `WeeklyMenus`
--

DROP TABLE IF EXISTS `WeeklyMenus`;
/*!40101 SET @saved_cs_client     = @@character_set_client */;
/*!50503 SET character_set_client = utf8mb4 */;
CREATE TABLE `WeeklyMenus` (
  `Id` int NOT NULL AUTO_INCREMENT,
  `UserId` int NOT NULL,
  `Name` varchar(200) COLLATE utf8mb4_unicode_ci NOT NULL,
  `StartDate` date NOT NULL,
  `EndDate` date NOT NULL,
  `TotalCalories` decimal(10,2) NOT NULL,
  `CreatedAt` datetime NOT NULL,
  PRIMARY KEY (`Id`),
  KEY `UserId` (`UserId`),
  CONSTRAINT `weeklymenus_ibfk_1` FOREIGN KEY (`UserId`) REFERENCES `Users` (`Id`) ON DELETE CASCADE
) ENGINE=InnoDB AUTO_INCREMENT=15 DEFAULT CHARSET=utf8mb4 COLLATE=utf8mb4_unicode_ci;
/*!40101 SET character_set_client = @saved_cs_client */;

--
-- Dumping data for table `WeeklyMenus`
--

LOCK TABLES `WeeklyMenus` WRITE;
/*!40000 ALTER TABLE `WeeklyMenus` DISABLE KEYS */;
INSERT INTO `WeeklyMenus` VALUES (12,5,'–ú–µ–Ω—é –Ω–∞ 7 –¥–Ω–µ–π','2025-12-25','2025-12-31',4527.00,'2025-12-25 08:13:23'),(14,6,'–ú–µ–Ω—é –Ω–∞ 7 –¥–Ω–µ–π','2025-12-25','2025-12-31',4906.75,'2025-12-25 08:25:20');
/*!40000 ALTER TABLE `WeeklyMenus` ENABLE KEYS */;
UNLOCK TABLES;
/*!40103 SET TIME_ZONE=@OLD_TIME_ZONE */;

/*!40101 SET SQL_MODE=@OLD_SQL_MODE */;
/*!40014 SET FOREIGN_KEY_CHECKS=@OLD_FOREIGN_KEY_CHECKS */;
/*!40014 SET UNIQUE_CHECKS=@OLD_UNIQUE_CHECKS */;
/*!40101 SET CHARACTER_SET_CLIENT=@OLD_CHARACTER_SET_CLIENT */;
/*!40101 SET CHARACTER_SET_RESULTS=@OLD_CHARACTER_SET_RESULTS */;
/*!40101 SET COLLATION_CONNECTION=@OLD_COLLATION_CONNECTION */;
/*!40111 SET SQL_NOTES=@OLD_SQL_NOTES */;

-- Dump completed on 2025-12-25 13:28:43
